Section,Subsection,Tone & Voice Notes,Thematic Purpose,Key Research Quotes or Parallels,"Ritual, Symbol, or Scene Application"
I. CHARACTER ARCS & MYTHIC IDENTITIES,"1. Vivien Vale – The Sacred Whore, Erotic Martyr, and Death Priestess","Lyrical, brutal, sacred, and sacrilegious. Her language should read like mythic scripture drenched in bodily memory. Use sensual and liturgical phrasing, like a sermon given in whispers over blood.","Vivien embodies the mythic reclamation of agency through erotic ritual. She fuses saint and predator, sex and salvation. She’s a response to violence—a rewriting of victimhood as divine fury.",Inanna's vengeance for her assault and the Maenads' sacred frenzy serve as direct mythic precedents. Vivien smearing 'blood and seed… into her thighs like holy oil' echoes Chinnamasta and Dionysian rites【67†VivianVale-Research.txt】.,"Her strap-on becomes a liturgical object. Each kill a sacrament. Consider scenes where she prepares like a priestess: oils, binding, mirrors. Echoes of the altar in every bed."
II. RITUAL & SYMBOLIC STRUCTURES,"2. Confession & Shame – Ritualized Guilt, Purity Culture, and Erotic Surveillance","Intimate, shamed, exposed. Cruz's scenes in this space should feel like journal entries written with shaking hands. Catholic guilt as poetry and prison.","This is the sacred wound Cruz carries. Confession becomes both her moral anchor and the site of her undoing. It's how she was taught to fear her desire, and why she finds Vivien so terrifyingly magnetic.",‘The confessional could become a dark space of taboo intimacy… a source of intimate embarrassment.’ Confession described as a cycle of ‘sin→shame→confess→brief relief→shame again’【66†ElenaCruz-Research-1.txt】.,"Have Cruz revisit an old confessional. Insert flashback of a priest interrogating her for 'impure thoughts.' Later, Vivien replaces the priest. She *confesses* to her desire, and is not punished—she's claimed."
III. ARCHETYPES & CULTURAL PARALLELS,"4. Dionysian Ecstasy & the Maenads – Rage, Orgy, and Madness","Wild, rhythmic, borderline feral. Channel disordered joy and frenzied pain—Vivien’s inner monologues in these scenes should feel intoxicated.","Vivien’s violence isn’t just vengeance—it’s sacred chaos. She becomes a Maenad: possessed, frenzied, beautifully dangerous. This archetype gives meaning to her orgasms that climax in death.",Maenads ‘rending flesh’ in trances; Dionysian rites described as ‘both sacrifice and liberation – a dissolution of the self into divine ecstasy’【67†VivianVale-Research.txt】.,"In scenes where Vivien loses herself, visually evoke bacchic frenzy—hair undone, breathless, smeared in red. After the kill, she should move as if touched by divine aftermath—calm, radiant, emptied."
I. CHARACTER ARCS & MYTHIC IDENTITIES,"3. Mayor Falco – The Moral Tyrant, Corrupt Bishop, and False Messiah","Seductive in speech, sanctimonious in public, violent in private. Use the rhythm of sermons and public address, with undercurrents of threat.",Falco embodies institutional evil disguised as moral authority. His character explores how power uses holiness to hide predation. He’s a false prophet with a surveillance state behind his smile.,Real-life parallels: COINTELPRO blackmail and Jim Jones’ 'religiously sanctioned' sexual abuse; Rizzo’s violent charisma and police-state persona【68†Falco Research-1.txt】.,"Falco might lead televised prayer before ordering raids. He touches Cruz’s shoulder too long. Uses phrases like 'purity,' 'sacrifice,' and 'redemption' to justify violence."
II. RITUAL & SYMBOLIC STRUCTURES,"3. Blood, Seed, and Smoke – Fluids as Power, Sacrifice, and Memory","Lush, sensory-heavy, ritualistic. Treat bodily fluids as sacred offerings, as if every spurt or smear is loaded with history and meaning.","Vivien weaponizes taboo fluids, collapsing purity binaries. These elements are not shameful—they’re *scripture.* The fluids are what tie the sacred to the real, the erotic to the sacrificial.",Vivien’s act of 'smearing blood and seed into her thighs like holy oil' parallels both Tantric ritual and Magdalene-style erotic martyrdom【67†VivianVale-Research.txt】.,"Use semen as chrism. Let Cruz smell blood and memory mingling. Have scenes where fluids are consciously collected, worshiped, or preserved like relics."
I. CHARACTER ARCS & MYTHIC IDENTITIES,"2. Elena Cruz – The Confessor, the Apostate, and the Queer Saint in Crisis","Haunted, apologetic, yearning. Her internal narration should feel like a handwritten prayer stained with lipstick and tears.","Cruz carries the soul of the novel—her collapse is what makes the new gospel possible. Her shame is scripture, and her descent is a sacred fall toward awakening.","Limerence, religious trauma, and ritual shame are key to Cruz’s arc. Her 'compulsion to confess' and 'shame addiction' mirror ex-Catholic trauma disorders【66†ElenaCruz-Research-1.txt】.","Give her a moment where she can’t tell if she’s praying or fantasizing. Let her fall apart in church. Have her 'confess' to Vivien—erotically, willingly."
III. ARCHETYPES & CULTURAL PARALLELS,"1. Inanna & Ishtar – Lover, Avenger, Goddess of Blood and Seed","Epic, divine, wrathful. Language should echo hymns and ancient tablets. Short declarative lines. Repetition for emphasis.",Vivien’s arc mirrors Inanna’s descent into darkness and return as a goddess of both love and vengeance. It gives her sexual rage mythic legitimacy.,Inanna's divine vengeance after sexual violation and the sacred sexual rites of the Hieros Gamos reflect Vivien’s ritualized kills【67†VivianVale-Research.txt】.,"Vivien demands her victims 'say his name' before death—echo of Inanna naming her attacker. Consider a scene where she paints her body in blood, invoking divine wrath."
III. ARCHETYPES & CULTURAL PARALLELS,"3. Persephone & the Underworld – Descent, Trauma, and Rebirth",Mournful and mythic. Language should carry the weight of abduction and transformation—innocence drowned and reborn.,Vivien starts as a violated figure and transforms into a ruler of her own darkness. Cruz too journeys into an erotic underworld and emerges forever altered.,Persephone becomes queen of the underworld after her symbolic death. Her duality mirrors Vivien’s capacity for both nurture and destruction【67†VivianVale-Research.txt】.,"Use a winter/spring or darkness/light motif. Vivien should physically descend—into a club, a basement, a tomb—before killing. Symbolic Persephone gate."
IV. THE CITY AS A BODY,"1. Architecture of Rot – 1970s Urban Decay, Sex Work, and Police Sanctums","Cinematic, documentary grit. Visual detail is key: peeling paint, neon halos in puddles, cracked crucifixes. No beauty without grime.","The city is the unholy temple where all rituals play out—corruption lives in walls, under flickering bulbs, behind confessionals. It breathes, stinks, and remembers.","Police corruption reports and mob entanglement map out Falco’s realm. Real history of graft, heroin thefts, and systemic rot mirror the city’s role【68†TheCity-1.txt】.","Scenes should treat each location as a character: motel rooms = confessionals, alleyways = ritual chambers, churches = sanctuaries of menace. Use architectural decay to mirror inner collapse."
IV. THE CITY AS A BODY,"2. Olfactory Markers – Cologne, Blood, and Incense as Scented Memory","Sensual and immersive. Make scent lead memory—use it as a story cue, a trigger, or a character's fingerprint.","Scent is memory, power, and presence. Falco’s cologne marks him as predator. Vivien’s blood-soaked sex leaves trails of sacred musk. Cruz smells sin before she sees it.",Cologne used to identify abusers in trauma recall; 1970s power scents associated with dominance. Incense = liturgical memory【68†TheCity-1.txt】.,"Falco should wear the same scent found on multiple corpses. Vivien’s 'signature' smell should be sexual, sacrificial. Cruz notices scent before logic connects the dots."
III. ARCHETYPES & CULTURAL PARALLELS,"2. Mary Magdalene – The Reclaimed Sinner, Saint of the Flesh",Reverent but defiant. Treat Magdalene not as a victim but as a reclaimed authority—Vivien’s mirror of penance and erotic devotion.,"Vivien collapses the virgin/whore binary. Like Magdalene, she mixes erotic expression with holy purpose. She’s not repentant—she’s transfigured.",Magdalene’s portrayal as a sexualized saint and erotic mystic echoes Vivien’s sacrificial anointing in semen and blood【67†VivianVale-Research.txt】.,"Use hair as symbol—Vivien letting it fall during a ritual, echoing Magdalene’s iconography. Include scenes of her being 'washed' or 'worshipped' in ways that echo sensual sainthood."
III. ARCHETYPES & CULTURAL PARALLELS,"5. Kali & Chinnamasta – Self-Decapitation, Power, and Sacred Violence","Apocalyptic, radiant, terrifying. Channel explosive images, violent holiness, and trance-like insight.","Vivien as a modern Chinnamasta—trauma-decapitated, orgasmic, and divine. She turns the site of suffering into sacred autonomy.",Chinnamasta feeding herself with her own blood while straddling a copulating couple echoes Vivien’s post-orgasm rituals and self-anointing【67†VivianVale-Research.txt】.,"Consider a scene where Vivien bleeds—by intention or accident—and uses it as part of the ritual. Her trance afterward should feel ecstatic, not panicked. Make destruction look divine."
IV. THE CITY AS A BODY,"3. Spaces of Ritual – Churches, Confessionals, Motel Rooms, Altar Beds","Echoing, intimate, claustrophobic. Sacred space repurposed as a murder scene. Use light and shadow like sacred geometry.",Each space holds memory and energy. Vivien turns ordinary rooms into temples. Cruz reinterprets holy ground through lust and guilt.,Catholic spaces carry heavy sensual symbolism; turning a motel bed into an altar evokes both the sacred and the profane【66†SCIB-ReligiousInfluence.txt】.,"Vivien enters a motel and lines the bed with white towels—ritual prep. Cruz kneels beside her. Later, Cruz finds herself kneeling again, unsure if she’s praying or begging."
"V. STYLE, STRUCTURE & LANGUAGE","1. Gospel Structure – Sermons, Psalms, Epistles, and Confessions","Liturgical, confessional, mythic. Structure scenes like scripture: repetition, refrain, testimony, climax. Gospel as blood-inked diary.",Frame the novel like a sacred text. Each section reflects a different liturgical form. Vivien speaks in Psalms. Cruz confesses. Falco preaches.,Erotic martyrdom and Magdalene’s narrative frame offer stylistic cues. Gospel structures add gravitas and doom【67†VivianVale-Research.txt】.,Start chapters with epigraphs styled as scripture. Vivien’s voice in psalm. Cruz’s POV as confessional entries. Falco speaks in sermon cadence.
"V. STYLE, STRUCTURE & LANGUAGE",2. Lexicon of the Flesh – Key Phrases by Character and Emotional Function,Character-specific linguistic fingerprinting. Vivien = lyrical and brutal. Cruz = questioning and ashamed. Falco = sanctimonious and seductive.,Language is identity. Repeating phrases builds myth and memory. Characters bleed in the words they choose.,"Phrases like 'say his name,' 'blood as oil,' 'touched,' and 'purity through sacrifice' should cycle with variation to reinforce emotional stakes【67†VivianVale-Research.txt】.",Assign phrases like motifs: Vivien repeats Ellis’s last words; Falco recycles dogmatic slogans; Cruz’s inner thoughts echo phrases from sermons or catechism.
"V. STYLE, STRUCTURE & LANGUAGE","3. Tone Guide – Noir, Erotic Horror, Sacred Gothic","Noir = shadowed, cynical, fatalistic. Erotic horror = bodily, intimate, dangerous. Sacred gothic = ornate, divine, monstrous. Shift between them fluidly.","Tone is the oxygen. Every scene breathes dread, desire, holiness, or rot. This book isn't just read—it’s *felt* in the gut and groin.",Female gothic and biblical horror tropes create emotional whiplash between sin and salvation. Blend seduction with unease【67†VivianVale-Research.txt】【68†Falco Research-1.txt】.,"Use lighting, scent, texture to reflect tone. Dialogue varies: cold and clipped in noir; lush and decadent in sacred horror. Shift tone like a gear change between rituals."
"V. STYLE, STRUCTURE & LANGUAGE",4. Chapter Templates – Recurring Ritual Patterns & Variations,Cyclical and liturgical. Use structure to create repetition: ritual > climax > aftermath > descent. Then break the pattern to signal rupture.,Repetition builds tension. Deviations create surprise and growth. The reader anticipates the ritual—but dreads the next variation.,Tantric cycles of sex-death-transcendence. Dionysian sparagmos. Catholic martyrdom sequences. Each implies progression through ritual trauma【67†VivianVale-Research.txt】.,"Early chapters follow a tight kill/sex/cleanse formula. Later ones disrupt it—Vivien hesitates, Cruz intervenes, Falco reverses roles. Structure becomes character arc."
