Scene,Sex Act,Kill Method,Fluids,Emotional Tone,Cruz’s Emotional Role,Soundtrack Cue
Prologue (Ch. 0),"Blowjob, riding, clit play",Throat slit mid-orgasm,"Cum, Blood","Cold, Sacred",Cruz: Lustmark Ignition,Blue in Green – Miles Davis
Chapter 3,"Facefucking, spit, ball worship",Knife to chest,Cumshot to face,"Cruel, Mocking",Cruz: Evidence Desecration,Flesh Without Blood – Grimes (slowed)
Chapter 4,"Strap-on pegging, rimming",Silk scarf suffocation,"Cum, Sweat, Tears","Theatrical, Feral",Cruz: Sacred Envy,Slow Burn – KÁRYYN
Chapter 11,"G-spot fingering, squirt",Delayed throat slice,"Squirt, Cum, Blood","Trancey, Regretful",Cruz: Relic Theft,The Rip – Portishead
Chapter 16,"Sacred fucking, mutual pain",Mutual stab climax,All fluids,"Holy, Devastating",Cruz: Badge Collapse or Witness,Ghosts I-IV – Nine Inch Nails
